{"timestamps": [1519920143.212055], "episode_rewards": [200.0], "episode_types": ["t"], "initial_reset_timestamp": 1519920138.9872124, "episode_lengths": [200]}